Metric,Train,Test
R2,-0.9387844803529934,0.33017861050675557
RMSE,18.92494197970626,11.065398816055572
MAE,10.059013748120188,9.488590313308274
MAPE,0.09502305760723956,0.07658988000212254
